{
  "header_types" : [
    {
      "name" : "scalars_0",
      "id" : 0,
      "fields" : [
        ["tmp", 1, false],
        ["metadata.starting_port", 9, false],
        ["metadata.out_port", 9, false],
        ["metadata.all_ports", 9, false],
        ["metadata.out_port_xor", 9, false],
        ["metadata.mod_counter", 9, false],
        ["metadata.check_failure", 9, false],
        ["metadata.ecmp_hash", 14, false],
        ["metadata.ecmp_group_id", 14, false],
        ["metadata.final_dst", 1, false],
        ["metadata.dst_id", 4, false],
        ["metadata.TEL_rnd", 9, false],
        ["_padding_0", 7, false]
      ]
    },
    {
      "name" : "standard_metadata",
      "id" : 1,
      "fields" : [
        ["ingress_port", 9, false],
        ["egress_spec", 9, false],
        ["egress_port", 9, false],
        ["clone_spec", 32, false],
        ["instance_type", 32, false],
        ["drop", 1, false],
        ["recirculate_port", 16, false],
        ["packet_length", 32, false],
        ["enq_timestamp", 32, false],
        ["enq_qdepth", 19, false],
        ["deq_timedelta", 32, false],
        ["deq_qdepth", 19, false],
        ["ingress_global_timestamp", 48, false],
        ["egress_global_timestamp", 48, false],
        ["lf_field_list", 32, false],
        ["mcast_grp", 16, false],
        ["resubmit_flag", 32, false],
        ["egress_rid", 16, false],
        ["checksum_error", 1, false],
        ["recirculate_flag", 32, false],
        ["parser_error", 32, false],
        ["_padding", 5, false]
      ]
    },
    {
      "name" : "ethernet_t",
      "id" : 2,
      "fields" : [
        ["dstAddr", 48, false],
        ["srcAddr", 48, false],
        ["etherType", 16, false]
      ]
    },
    {
      "name" : "myTunnel_t",
      "id" : 3,
      "fields" : [
        ["hops", 16, false],
        ["path_length", 8, false]
      ]
    },
    {
      "name" : "ipv4_t",
      "id" : 4,
      "fields" : [
        ["version", 4, false],
        ["ihl", 4, false],
        ["diffserv", 8, false],
        ["totalLen", 16, false],
        ["identification", 16, false],
        ["flags", 3, false],
        ["fragOffset", 13, false],
        ["ttl", 8, false],
        ["protocol", 8, false],
        ["hdrChecksum", 16, false],
        ["srcAddr", 32, false],
        ["dstAddr", 32, false]
      ]
    },
    {
      "name" : "tcp_t",
      "id" : 5,
      "fields" : [
        ["srcPort", 16, false],
        ["dstPort", 16, false],
        ["seqNo", 32, false],
        ["ackNo", 32, false],
        ["dataOffset", 4, false],
        ["res", 4, false],
        ["cwr", 1, false],
        ["ece", 1, false],
        ["urg", 1, false],
        ["ack", 1, false],
        ["psh", 1, false],
        ["rst", 1, false],
        ["syn", 1, false],
        ["fin", 1, false],
        ["window", 16, false],
        ["checksum", 16, false],
        ["urgentPtr", 16, false]
      ]
    }
  ],
  "headers" : [
    {
      "name" : "scalars",
      "id" : 0,
      "header_type" : "scalars_0",
      "metadata" : true,
      "pi_omit" : true
    },
    {
      "name" : "standard_metadata",
      "id" : 1,
      "header_type" : "standard_metadata",
      "metadata" : true,
      "pi_omit" : true
    },
    {
      "name" : "ethernet",
      "id" : 2,
      "header_type" : "ethernet_t",
      "metadata" : false,
      "pi_omit" : true
    },
    {
      "name" : "myTunnel",
      "id" : 3,
      "header_type" : "myTunnel_t",
      "metadata" : false,
      "pi_omit" : true
    },
    {
      "name" : "ipv4",
      "id" : 4,
      "header_type" : "ipv4_t",
      "metadata" : false,
      "pi_omit" : true
    },
    {
      "name" : "tcp",
      "id" : 5,
      "header_type" : "tcp_t",
      "metadata" : false,
      "pi_omit" : true
    }
  ],
  "header_stacks" : [],
  "header_union_types" : [],
  "header_unions" : [],
  "header_union_stacks" : [],
  "field_lists" : [],
  "errors" : [
    ["NoError", 1],
    ["PacketTooShort", 2],
    ["NoMatch", 3],
    ["StackOutOfBounds", 4],
    ["HeaderTooShort", 5],
    ["ParserTimeout", 6],
    ["ParserInvalidArgument", 7]
  ],
  "enums" : [],
  "parsers" : [
    {
      "name" : "parser",
      "id" : 0,
      "init_state" : "start",
      "parse_states" : [
        {
          "name" : "start",
          "id" : 0,
          "parser_ops" : [
            {
              "parameters" : [
                {
                  "type" : "regular",
                  "value" : "ethernet"
                }
              ],
              "op" : "extract"
            }
          ],
          "transitions" : [
            {
              "type" : "hexstr",
              "value" : "0x0800",
              "mask" : null,
              "next_state" : "parse_ipv4"
            },
            {
              "value" : "default",
              "mask" : null,
              "next_state" : null
            }
          ],
          "transition_key" : [
            {
              "type" : "field",
              "value" : ["ethernet", "etherType"]
            }
          ]
        },
        {
          "name" : "parse_ipv4",
          "id" : 1,
          "parser_ops" : [
            {
              "parameters" : [
                {
                  "type" : "regular",
                  "value" : "ipv4"
                }
              ],
              "op" : "extract"
            }
          ],
          "transitions" : [
            {
              "value" : "default",
              "mask" : null,
              "next_state" : null
            }
          ],
          "transition_key" : []
        }
      ]
    }
  ],
  "parse_vsets" : [],
  "deparsers" : [
    {
      "name" : "deparser",
      "id" : 0,
      "source_info" : {
        "filename" : "TEL-DC-leaf.p4",
        "line" : 431,
        "column" : 8,
        "source_fragment" : "MyDeparser"
      },
      "order" : ["ethernet", "ipv4", "tcp"]
    }
  ],
  "meter_arrays" : [],
  "counter_arrays" : [],
  "register_arrays" : [
    {
      "name" : "ports_status_r",
      "id" : 0,
      "source_info" : {
        "filename" : "TEL-DC-leaf.p4",
        "line" : 18,
        "column" : 20,
        "source_fragment" : "ports_status_r"
      },
      "size" : 1,
      "bitwidth" : 9
    },
    {
      "name" : "failed_port",
      "id" : 1,
      "source_info" : {
        "filename" : "TEL-DC-leaf.p4",
        "line" : 19,
        "column" : 20,
        "source_fragment" : "failed_port"
      },
      "size" : 4,
      "bitwidth" : 1
    }
  ],
  "calculations" : [
    {
      "name" : "calc",
      "id" : 0,
      "algo" : "crc16",
      "input" : [
        {
          "type" : "field",
          "value" : ["ipv4", "srcAddr"]
        },
        {
          "type" : "field",
          "value" : ["ipv4", "dstAddr"]
        },
        {
          "type" : "field",
          "value" : ["tcp", "srcPort"]
        },
        {
          "type" : "field",
          "value" : ["tcp", "dstPort"]
        },
        {
          "type" : "field",
          "value" : ["ipv4", "protocol"]
        }
      ]
    },
    {
      "name" : "calc_0",
      "id" : 1,
      "source_info" : {
        "filename" : "TEL-DC-leaf.p4",
        "line" : 409,
        "column" : 1,
        "source_fragment" : "update_checksum( ..."
      },
      "algo" : "csum16",
      "input" : [
        {
          "type" : "field",
          "value" : ["ipv4", "version"]
        },
        {
          "type" : "field",
          "value" : ["ipv4", "ihl"]
        },
        {
          "type" : "field",
          "value" : ["ipv4", "diffserv"]
        },
        {
          "type" : "field",
          "value" : ["ipv4", "totalLen"]
        },
        {
          "type" : "field",
          "value" : ["ipv4", "identification"]
        },
        {
          "type" : "field",
          "value" : ["ipv4", "flags"]
        },
        {
          "type" : "field",
          "value" : ["ipv4", "fragOffset"]
        },
        {
          "type" : "field",
          "value" : ["ipv4", "ttl"]
        },
        {
          "type" : "field",
          "value" : ["ipv4", "protocol"]
        },
        {
          "type" : "field",
          "value" : ["ipv4", "srcAddr"]
        },
        {
          "type" : "field",
          "value" : ["ipv4", "dstAddr"]
        }
      ]
    }
  ],
  "learn_lists" : [],
  "actions" : [
    {
      "name" : "NoAction",
      "id" : 0,
      "runtime_data" : [],
      "primitives" : []
    },
    {
      "name" : "NoAction",
      "id" : 1,
      "runtime_data" : [],
      "primitives" : []
    },
    {
      "name" : "NoAction",
      "id" : 2,
      "runtime_data" : [],
      "primitives" : []
    },
    {
      "name" : "MyIngress.drop",
      "id" : 3,
      "runtime_data" : [],
      "primitives" : [
        {
          "op" : "mark_to_drop",
          "parameters" : [
            {
              "type" : "header",
              "value" : "standard_metadata"
            }
          ],
          "source_info" : {
            "filename" : "TEL-DC-leaf.p4",
            "line" : 142,
            "column" : 8,
            "source_fragment" : "mark_to_drop(standard_metadata)"
          }
        }
      ]
    },
    {
      "name" : "MyIngress.drop",
      "id" : 4,
      "runtime_data" : [],
      "primitives" : [
        {
          "op" : "mark_to_drop",
          "parameters" : [
            {
              "type" : "header",
              "value" : "standard_metadata"
            }
          ],
          "source_info" : {
            "filename" : "TEL-DC-leaf.p4",
            "line" : 142,
            "column" : 8,
            "source_fragment" : "mark_to_drop(standard_metadata)"
          }
        }
      ]
    },
    {
      "name" : "MyIngress.drop",
      "id" : 5,
      "runtime_data" : [],
      "primitives" : [
        {
          "op" : "mark_to_drop",
          "parameters" : [
            {
              "type" : "header",
              "value" : "standard_metadata"
            }
          ],
          "source_info" : {
            "filename" : "TEL-DC-leaf.p4",
            "line" : 142,
            "column" : 8,
            "source_fragment" : "mark_to_drop(standard_metadata)"
          }
        }
      ]
    },
    {
      "name" : "MyIngress.ecmp_group",
      "id" : 6,
      "runtime_data" : [
        {
          "name" : "ecmp_group_id",
          "bitwidth" : 14
        },
        {
          "name" : "num_nhops",
          "bitwidth" : 16
        }
      ],
      "primitives" : [
        {
          "op" : "modify_field_with_hash_based_offset",
          "parameters" : [
            {
              "type" : "field",
              "value" : ["scalars", "metadata.ecmp_hash"]
            },
            {
              "type" : "hexstr",
              "value" : "0x00"
            },
            {
              "type" : "calculation",
              "value" : "calc"
            },
            {
              "type" : "runtime_data",
              "value" : 1
            }
          ],
          "source_info" : {
            "filename" : "TEL-DC-leaf.p4",
            "line" : 146,
            "column" : 8,
            "source_fragment" : "hash(meta.ecmp_hash, ..."
          }
        },
        {
          "op" : "assign",
          "parameters" : [
            {
              "type" : "field",
              "value" : ["scalars", "metadata.ecmp_group_id"]
            },
            {
              "type" : "runtime_data",
              "value" : 0
            }
          ],
          "source_info" : {
            "filename" : "TEL-DC-leaf.p4",
            "line" : 156,
            "column" : 8,
            "source_fragment" : "meta.ecmp_group_id = ecmp_group_id"
          }
        }
      ]
    },
    {
      "name" : "MyIngress.set_nhop",
      "id" : 7,
      "runtime_data" : [
        {
          "name" : "dstAddr",
          "bitwidth" : 48
        },
        {
          "name" : "port",
          "bitwidth" : 9
        }
      ],
      "primitives" : [
        {
          "op" : "assign",
          "parameters" : [
            {
              "type" : "field",
              "value" : ["ethernet", "srcAddr"]
            },
            {
              "type" : "field",
              "value" : ["ethernet", "dstAddr"]
            }
          ],
          "source_info" : {
            "filename" : "TEL-DC-leaf.p4",
            "line" : 161,
            "column" : 8,
            "source_fragment" : "hdr.ethernet.srcAddr = hdr.ethernet.dstAddr"
          }
        },
        {
          "op" : "assign",
          "parameters" : [
            {
              "type" : "field",
              "value" : ["ethernet", "dstAddr"]
            },
            {
              "type" : "runtime_data",
              "value" : 0
            }
          ],
          "source_info" : {
            "filename" : "TEL-DC-leaf.p4",
            "line" : 163,
            "column" : 8,
            "source_fragment" : "hdr.ethernet.dstAddr = dstAddr"
          }
        },
        {
          "op" : "assign",
          "parameters" : [
            {
              "type" : "field",
              "value" : ["standard_metadata", "egress_spec"]
            },
            {
              "type" : "runtime_data",
              "value" : 1
            }
          ],
          "source_info" : {
            "filename" : "TEL-DC-leaf.p4",
            "line" : 165,
            "column" : 8,
            "source_fragment" : "standard_metadata.egress_spec = port"
          }
        },
        {
          "op" : "assign",
          "parameters" : [
            {
              "type" : "field",
              "value" : ["ipv4", "ttl"]
            },
            {
              "type" : "expression",
              "value" : {
                "type" : "expression",
                "value" : {
                  "op" : "&",
                  "left" : {
                    "type" : "expression",
                    "value" : {
                      "op" : "+",
                      "left" : {
                        "type" : "field",
                        "value" : ["ipv4", "ttl"]
                      },
                      "right" : {
                        "type" : "hexstr",
                        "value" : "0xff"
                      }
                    }
                  },
                  "right" : {
                    "type" : "hexstr",
                    "value" : "0xff"
                  }
                }
              }
            }
          ],
          "source_info" : {
            "filename" : "TEL-DC-leaf.p4",
            "line" : 166,
            "column" : 8,
            "source_fragment" : "hdr.ipv4.ttl = hdr.ipv4.ttl - 1"
          }
        }
      ]
    },
    {
      "name" : "MyIngress.set_nhop",
      "id" : 8,
      "runtime_data" : [
        {
          "name" : "dstAddr",
          "bitwidth" : 48
        },
        {
          "name" : "port",
          "bitwidth" : 9
        }
      ],
      "primitives" : [
        {
          "op" : "assign",
          "parameters" : [
            {
              "type" : "field",
              "value" : ["ethernet", "srcAddr"]
            },
            {
              "type" : "field",
              "value" : ["ethernet", "dstAddr"]
            }
          ],
          "source_info" : {
            "filename" : "TEL-DC-leaf.p4",
            "line" : 161,
            "column" : 8,
            "source_fragment" : "hdr.ethernet.srcAddr = hdr.ethernet.dstAddr"
          }
        },
        {
          "op" : "assign",
          "parameters" : [
            {
              "type" : "field",
              "value" : ["ethernet", "dstAddr"]
            },
            {
              "type" : "runtime_data",
              "value" : 0
            }
          ],
          "source_info" : {
            "filename" : "TEL-DC-leaf.p4",
            "line" : 163,
            "column" : 8,
            "source_fragment" : "hdr.ethernet.dstAddr = dstAddr"
          }
        },
        {
          "op" : "assign",
          "parameters" : [
            {
              "type" : "field",
              "value" : ["standard_metadata", "egress_spec"]
            },
            {
              "type" : "runtime_data",
              "value" : 1
            }
          ],
          "source_info" : {
            "filename" : "TEL-DC-leaf.p4",
            "line" : 165,
            "column" : 8,
            "source_fragment" : "standard_metadata.egress_spec = port"
          }
        },
        {
          "op" : "assign",
          "parameters" : [
            {
              "type" : "field",
              "value" : ["ipv4", "ttl"]
            },
            {
              "type" : "expression",
              "value" : {
                "type" : "expression",
                "value" : {
                  "op" : "&",
                  "left" : {
                    "type" : "expression",
                    "value" : {
                      "op" : "+",
                      "left" : {
                        "type" : "field",
                        "value" : ["ipv4", "ttl"]
                      },
                      "right" : {
                        "type" : "hexstr",
                        "value" : "0xff"
                      }
                    }
                  },
                  "right" : {
                    "type" : "hexstr",
                    "value" : "0xff"
                  }
                }
              }
            }
          ],
          "source_info" : {
            "filename" : "TEL-DC-leaf.p4",
            "line" : 166,
            "column" : 8,
            "source_fragment" : "hdr.ipv4.ttl = hdr.ipv4.ttl - 1"
          }
        }
      ]
    },
    {
      "name" : "MyIngress.set_nhop",
      "id" : 9,
      "runtime_data" : [
        {
          "name" : "dstAddr",
          "bitwidth" : 48
        },
        {
          "name" : "port",
          "bitwidth" : 9
        }
      ],
      "primitives" : [
        {
          "op" : "assign",
          "parameters" : [
            {
              "type" : "field",
              "value" : ["ethernet", "srcAddr"]
            },
            {
              "type" : "field",
              "value" : ["ethernet", "dstAddr"]
            }
          ],
          "source_info" : {
            "filename" : "TEL-DC-leaf.p4",
            "line" : 161,
            "column" : 8,
            "source_fragment" : "hdr.ethernet.srcAddr = hdr.ethernet.dstAddr"
          }
        },
        {
          "op" : "assign",
          "parameters" : [
            {
              "type" : "field",
              "value" : ["ethernet", "dstAddr"]
            },
            {
              "type" : "runtime_data",
              "value" : 0
            }
          ],
          "source_info" : {
            "filename" : "TEL-DC-leaf.p4",
            "line" : 163,
            "column" : 8,
            "source_fragment" : "hdr.ethernet.dstAddr = dstAddr"
          }
        },
        {
          "op" : "assign",
          "parameters" : [
            {
              "type" : "field",
              "value" : ["standard_metadata", "egress_spec"]
            },
            {
              "type" : "runtime_data",
              "value" : 1
            }
          ],
          "source_info" : {
            "filename" : "TEL-DC-leaf.p4",
            "line" : 165,
            "column" : 8,
            "source_fragment" : "standard_metadata.egress_spec = port"
          }
        },
        {
          "op" : "assign",
          "parameters" : [
            {
              "type" : "field",
              "value" : ["ipv4", "ttl"]
            },
            {
              "type" : "expression",
              "value" : {
                "type" : "expression",
                "value" : {
                  "op" : "&",
                  "left" : {
                    "type" : "expression",
                    "value" : {
                      "op" : "+",
                      "left" : {
                        "type" : "field",
                        "value" : ["ipv4", "ttl"]
                      },
                      "right" : {
                        "type" : "hexstr",
                        "value" : "0xff"
                      }
                    }
                  },
                  "right" : {
                    "type" : "hexstr",
                    "value" : "0xff"
                  }
                }
              }
            }
          ],
          "source_info" : {
            "filename" : "TEL-DC-leaf.p4",
            "line" : 166,
            "column" : 8,
            "source_fragment" : "hdr.ipv4.ttl = hdr.ipv4.ttl - 1"
          }
        }
      ]
    },
    {
      "name" : "MyIngress.set_nhop",
      "id" : 10,
      "runtime_data" : [
        {
          "name" : "dstAddr",
          "bitwidth" : 48
        },
        {
          "name" : "port",
          "bitwidth" : 9
        }
      ],
      "primitives" : [
        {
          "op" : "assign",
          "parameters" : [
            {
              "type" : "field",
              "value" : ["ethernet", "srcAddr"]
            },
            {
              "type" : "field",
              "value" : ["ethernet", "dstAddr"]
            }
          ],
          "source_info" : {
            "filename" : "TEL-DC-leaf.p4",
            "line" : 161,
            "column" : 8,
            "source_fragment" : "hdr.ethernet.srcAddr = hdr.ethernet.dstAddr"
          }
        },
        {
          "op" : "assign",
          "parameters" : [
            {
              "type" : "field",
              "value" : ["ethernet", "dstAddr"]
            },
            {
              "type" : "runtime_data",
              "value" : 0
            }
          ],
          "source_info" : {
            "filename" : "TEL-DC-leaf.p4",
            "line" : 163,
            "column" : 8,
            "source_fragment" : "hdr.ethernet.dstAddr = dstAddr"
          }
        },
        {
          "op" : "assign",
          "parameters" : [
            {
              "type" : "field",
              "value" : ["standard_metadata", "egress_spec"]
            },
            {
              "type" : "runtime_data",
              "value" : 1
            }
          ],
          "source_info" : {
            "filename" : "TEL-DC-leaf.p4",
            "line" : 165,
            "column" : 8,
            "source_fragment" : "standard_metadata.egress_spec = port"
          }
        },
        {
          "op" : "assign",
          "parameters" : [
            {
              "type" : "field",
              "value" : ["ipv4", "ttl"]
            },
            {
              "type" : "expression",
              "value" : {
                "type" : "expression",
                "value" : {
                  "op" : "&",
                  "left" : {
                    "type" : "expression",
                    "value" : {
                      "op" : "+",
                      "left" : {
                        "type" : "field",
                        "value" : ["ipv4", "ttl"]
                      },
                      "right" : {
                        "type" : "hexstr",
                        "value" : "0xff"
                      }
                    }
                  },
                  "right" : {
                    "type" : "hexstr",
                    "value" : "0xff"
                  }
                }
              }
            }
          ],
          "source_info" : {
            "filename" : "TEL-DC-leaf.p4",
            "line" : 166,
            "column" : 8,
            "source_fragment" : "hdr.ipv4.ttl = hdr.ipv4.ttl - 1"
          }
        }
      ]
    },
    {
      "name" : "MyIngress.xor_outport",
      "id" : 11,
      "runtime_data" : [
        {
          "name" : "_all_ports",
          "bitwidth" : 9
        }
      ],
      "primitives" : [
        {
          "op" : "register_read",
          "parameters" : [
            {
              "type" : "field",
              "value" : ["scalars", "metadata.all_ports"]
            },
            {
              "type" : "register_array",
              "value" : "ports_status_r"
            },
            {
              "type" : "hexstr",
              "value" : "0x00000000"
            }
          ],
          "source_info" : {
            "filename" : "TEL-DC-leaf.p4",
            "line" : 210,
            "column" : 6,
            "source_fragment" : "ports_status_r.read(meta.all_ports, 0 )"
          }
        },
        {
          "op" : "assign",
          "parameters" : [
            {
              "type" : "field",
              "value" : ["scalars", "metadata.out_port_xor"]
            },
            {
              "type" : "expression",
              "value" : {
                "type" : "expression",
                "value" : {
                  "op" : "^",
                  "left" : {
                    "type" : "field",
                    "value" : ["scalars", "metadata.all_ports"]
                  },
                  "right" : {
                    "type" : "local",
                    "value" : 0
                  }
                }
              }
            }
          ],
          "source_info" : {
            "filename" : "TEL-DC-leaf.p4",
            "line" : 211,
            "column" : 6,
            "source_fragment" : "meta.out_port_xor= meta.all_ports ^ _all_ports"
          }
        }
      ]
    },
    {
      "name" : "act",
      "id" : 12,
      "runtime_data" : [],
      "primitives" : [
        {
          "op" : "assign",
          "parameters" : [
            {
              "type" : "field",
              "value" : ["scalars", "tmp"]
            },
            {
              "type" : "expression",
              "value" : {
                "type" : "expression",
                "value" : {
                  "op" : "b2d",
                  "left" : null,
                  "right" : {
                    "type" : "bool",
                    "value" : true
                  }
                }
              }
            }
          ]
        }
      ]
    },
    {
      "name" : "act_0",
      "id" : 13,
      "runtime_data" : [],
      "primitives" : [
        {
          "op" : "assign",
          "parameters" : [
            {
              "type" : "field",
              "value" : ["scalars", "tmp"]
            },
            {
              "type" : "expression",
              "value" : {
                "type" : "expression",
                "value" : {
                  "op" : "b2d",
                  "left" : null,
                  "right" : {
                    "type" : "bool",
                    "value" : false
                  }
                }
              }
            }
          ]
        }
      ]
    },
    {
      "name" : "act_1",
      "id" : 14,
      "runtime_data" : [],
      "primitives" : [
        {
          "op" : "assign",
          "parameters" : [
            {
              "type" : "field",
              "value" : ["scalars", "metadata.TEL_rnd"]
            },
            {
              "type" : "field",
              "value" : ["scalars", "metadata.out_port_xor"]
            }
          ],
          "source_info" : {
            "filename" : "TEL-DC-leaf.p4",
            "line" : 312,
            "column" : 17,
            "source_fragment" : "meta.TEL_rnd=meta.out_port_xor"
          }
        }
      ]
    }
  ],
  "pipelines" : [
    {
      "name" : "ingress",
      "id" : 0,
      "source_info" : {
        "filename" : "TEL-DC-leaf.p4",
        "line" : 138,
        "column" : 8,
        "source_fragment" : "MyIngress"
      },
      "init_table" : "node_2",
      "tables" : [
        {
          "name" : "MyIngress.check_outport_status",
          "id" : 0,
          "source_info" : {
            "filename" : "TEL-DC-leaf.p4",
            "line" : 245,
            "column" : 10,
            "source_fragment" : "check_outport_status"
          },
          "key" : [
            {
              "match_type" : "exact",
              "name" : "hdr.ethernet.etherType",
              "target" : ["ethernet", "etherType"],
              "mask" : null
            }
          ],
          "match_type" : "exact",
          "type" : "simple",
          "max_size" : 1024,
          "with_counters" : false,
          "support_timeout" : false,
          "direct_meters" : null,
          "action_ids" : [11, 1],
          "actions" : ["MyIngress.xor_outport", "NoAction"],
          "base_default_next" : "MyIngress.default_route",
          "next_tables" : {
            "MyIngress.xor_outport" : "MyIngress.default_route",
            "NoAction" : "MyIngress.default_route"
          },
          "default_entry" : {
            "action_id" : 1,
            "action_const" : false,
            "action_data" : [],
            "action_entry_const" : false
          }
        },
        {
          "name" : "MyIngress.default_route",
          "id" : 1,
          "source_info" : {
            "filename" : "TEL-DC-leaf.p4",
            "line" : 227,
            "column" : 10,
            "source_fragment" : "default_route"
          },
          "key" : [
            {
              "match_type" : "lpm",
              "name" : "hdr.ipv4.dstAddr",
              "target" : ["ipv4", "dstAddr"],
              "mask" : null
            }
          ],
          "match_type" : "lpm",
          "type" : "simple",
          "max_size" : 1024,
          "with_counters" : false,
          "support_timeout" : false,
          "direct_meters" : null,
          "action_ids" : [9, 5],
          "actions" : ["MyIngress.set_nhop", "MyIngress.drop"],
          "base_default_next" : null,
          "next_tables" : {
            "__HIT__" : "tbl_act",
            "__MISS__" : "tbl_act_0"
          },
          "default_entry" : {
            "action_id" : 5,
            "action_const" : false,
            "action_data" : [],
            "action_entry_const" : false
          }
        },
        {
          "name" : "tbl_act",
          "id" : 2,
          "key" : [],
          "match_type" : "exact",
          "type" : "simple",
          "max_size" : 1024,
          "with_counters" : false,
          "support_timeout" : false,
          "direct_meters" : null,
          "action_ids" : [12],
          "actions" : ["act"],
          "base_default_next" : "node_7",
          "next_tables" : {
            "act" : "node_7"
          },
          "default_entry" : {
            "action_id" : 12,
            "action_const" : true,
            "action_data" : [],
            "action_entry_const" : true
          }
        },
        {
          "name" : "tbl_act_0",
          "id" : 3,
          "key" : [],
          "match_type" : "exact",
          "type" : "simple",
          "max_size" : 1024,
          "with_counters" : false,
          "support_timeout" : false,
          "direct_meters" : null,
          "action_ids" : [13],
          "actions" : ["act_0"],
          "base_default_next" : "node_7",
          "next_tables" : {
            "act_0" : "node_7"
          },
          "default_entry" : {
            "action_id" : 13,
            "action_const" : true,
            "action_data" : [],
            "action_entry_const" : true
          }
        },
        {
          "name" : "MyIngress.ipv4_lpm",
          "id" : 4,
          "source_info" : {
            "filename" : "TEL-DC-leaf.p4",
            "line" : 181,
            "column" : 10,
            "source_fragment" : "ipv4_lpm"
          },
          "key" : [
            {
              "match_type" : "lpm",
              "name" : "hdr.ipv4.dstAddr",
              "target" : ["ipv4", "dstAddr"],
              "mask" : null
            }
          ],
          "match_type" : "lpm",
          "type" : "simple",
          "max_size" : 1024,
          "with_counters" : false,
          "support_timeout" : false,
          "direct_meters" : null,
          "action_ids" : [8, 6, 4],
          "actions" : ["MyIngress.set_nhop", "MyIngress.ecmp_group", "MyIngress.drop"],
          "base_default_next" : null,
          "next_tables" : {
            "MyIngress.ecmp_group" : "MyIngress.ecmp_group_to_nhop",
            "MyIngress.set_nhop" : null,
            "MyIngress.drop" : null
          },
          "default_entry" : {
            "action_id" : 4,
            "action_const" : false,
            "action_data" : [],
            "action_entry_const" : false
          }
        },
        {
          "name" : "MyIngress.ecmp_group_to_nhop",
          "id" : 5,
          "source_info" : {
            "filename" : "TEL-DC-leaf.p4",
            "line" : 169,
            "column" : 10,
            "source_fragment" : "ecmp_group_to_nhop"
          },
          "key" : [
            {
              "match_type" : "exact",
              "name" : "meta.ecmp_group_id",
              "target" : ["scalars", "metadata.ecmp_group_id"],
              "mask" : null
            },
            {
              "match_type" : "exact",
              "name" : "meta.ecmp_hash",
              "target" : ["scalars", "metadata.ecmp_hash"],
              "mask" : null
            }
          ],
          "match_type" : "exact",
          "type" : "simple",
          "max_size" : 1024,
          "with_counters" : false,
          "support_timeout" : false,
          "direct_meters" : null,
          "action_ids" : [3, 7, 0],
          "actions" : ["MyIngress.drop", "MyIngress.set_nhop", "NoAction"],
          "base_default_next" : null,
          "next_tables" : {
            "MyIngress.drop" : null,
            "MyIngress.set_nhop" : null,
            "NoAction" : null
          },
          "default_entry" : {
            "action_id" : 0,
            "action_const" : false,
            "action_data" : [],
            "action_entry_const" : false
          }
        },
        {
          "name" : "tbl_act_1",
          "id" : 6,
          "source_info" : {
            "filename" : "TEL-DC-leaf.p4",
            "line" : 312,
            "column" : 29,
            "source_fragment" : "="
          },
          "key" : [],
          "match_type" : "exact",
          "type" : "simple",
          "max_size" : 1024,
          "with_counters" : false,
          "support_timeout" : false,
          "direct_meters" : null,
          "action_ids" : [14],
          "actions" : ["act_1"],
          "base_default_next" : "MyIngress.TEL_route_pkt",
          "next_tables" : {
            "act_1" : "MyIngress.TEL_route_pkt"
          },
          "default_entry" : {
            "action_id" : 14,
            "action_const" : true,
            "action_data" : [],
            "action_entry_const" : true
          }
        },
        {
          "name" : "MyIngress.TEL_route_pkt",
          "id" : 7,
          "source_info" : {
            "filename" : "TEL-DC-leaf.p4",
            "line" : 284,
            "column" : 10,
            "source_fragment" : "TEL_route_pkt"
          },
          "key" : [
            {
              "match_type" : "exact",
              "name" : "meta.TEL_rnd",
              "target" : ["scalars", "metadata.out_port_xor"],
              "mask" : null
            }
          ],
          "match_type" : "exact",
          "type" : "simple",
          "max_size" : 1024,
          "with_counters" : false,
          "support_timeout" : false,
          "direct_meters" : null,
          "action_ids" : [10, 2],
          "actions" : ["MyIngress.set_nhop", "NoAction"],
          "base_default_next" : null,
          "next_tables" : {
            "MyIngress.set_nhop" : null,
            "NoAction" : null
          },
          "default_entry" : {
            "action_id" : 2,
            "action_const" : false,
            "action_data" : [],
            "action_entry_const" : false
          }
        }
      ],
      "action_profiles" : [],
      "conditionals" : [
        {
          "name" : "node_2",
          "id" : 0,
          "source_info" : {
            "filename" : "TEL-DC-leaf.p4",
            "line" : 296,
            "column" : 12,
            "source_fragment" : "hdr.ipv4.isValid()"
          },
          "expression" : {
            "type" : "expression",
            "value" : {
              "op" : "d2b",
              "left" : null,
              "right" : {
                "type" : "field",
                "value" : ["ipv4", "$valid$"]
              }
            }
          },
          "false_next" : null,
          "true_next" : "MyIngress.check_outport_status"
        },
        {
          "name" : "node_7",
          "id" : 1,
          "source_info" : {
            "filename" : "TEL-DC-leaf.p4",
            "line" : 300,
            "column" : 15,
            "source_fragment" : "!default_route.apply().hit"
          },
          "expression" : {
            "type" : "expression",
            "value" : {
              "op" : "not",
              "left" : null,
              "right" : {
                "type" : "expression",
                "value" : {
                  "op" : "d2b",
                  "left" : null,
                  "right" : {
                    "type" : "field",
                    "value" : ["scalars", "tmp"]
                  }
                }
              }
            }
          },
          "false_next" : null,
          "true_next" : "node_8"
        },
        {
          "name" : "node_8",
          "id" : 2,
          "source_info" : {
            "filename" : "TEL-DC-leaf.p4",
            "line" : 303,
            "column" : 20,
            "source_fragment" : "meta.out_port_xor == 0"
          },
          "expression" : {
            "type" : "expression",
            "value" : {
              "op" : "==",
              "left" : {
                "type" : "field",
                "value" : ["scalars", "metadata.out_port_xor"]
              },
              "right" : {
                "type" : "hexstr",
                "value" : "0x0000"
              }
            }
          },
          "true_next" : "MyIngress.ipv4_lpm",
          "false_next" : "tbl_act_1"
        }
      ]
    },
    {
      "name" : "egress",
      "id" : 1,
      "source_info" : {
        "filename" : "TEL-DC-leaf.p4",
        "line" : 397,
        "column" : 8,
        "source_fragment" : "MyEgress"
      },
      "init_table" : null,
      "tables" : [],
      "action_profiles" : [],
      "conditionals" : []
    }
  ],
  "checksums" : [
    {
      "name" : "cksum",
      "id" : 0,
      "source_info" : {
        "filename" : "TEL-DC-leaf.p4",
        "line" : 409,
        "column" : 1,
        "source_fragment" : "update_checksum( ..."
      },
      "target" : ["ipv4", "hdrChecksum"],
      "type" : "generic",
      "calculation" : "calc_0",
      "verify" : false,
      "update" : true,
      "if_cond" : {
        "type" : "expression",
        "value" : {
          "op" : "d2b",
          "left" : null,
          "right" : {
            "type" : "field",
            "value" : ["ipv4", "$valid$"]
          }
        }
      }
    }
  ],
  "force_arith" : [],
  "extern_instances" : [],
  "field_aliases" : [
    [
      "queueing_metadata.enq_timestamp",
      ["standard_metadata", "enq_timestamp"]
    ],
    [
      "queueing_metadata.enq_qdepth",
      ["standard_metadata", "enq_qdepth"]
    ],
    [
      "queueing_metadata.deq_timedelta",
      ["standard_metadata", "deq_timedelta"]
    ],
    [
      "queueing_metadata.deq_qdepth",
      ["standard_metadata", "deq_qdepth"]
    ],
    [
      "intrinsic_metadata.ingress_global_timestamp",
      ["standard_metadata", "ingress_global_timestamp"]
    ],
    [
      "intrinsic_metadata.egress_global_timestamp",
      ["standard_metadata", "egress_global_timestamp"]
    ],
    [
      "intrinsic_metadata.lf_field_list",
      ["standard_metadata", "lf_field_list"]
    ],
    [
      "intrinsic_metadata.mcast_grp",
      ["standard_metadata", "mcast_grp"]
    ],
    [
      "intrinsic_metadata.resubmit_flag",
      ["standard_metadata", "resubmit_flag"]
    ],
    [
      "intrinsic_metadata.egress_rid",
      ["standard_metadata", "egress_rid"]
    ],
    [
      "intrinsic_metadata.recirculate_flag",
      ["standard_metadata", "recirculate_flag"]
    ]
  ],
  "program" : "TEL-DC-leaf.p4",
  "__meta__" : {
    "version" : [2, 18],
    "compiler" : "https://github.com/p4lang/p4c"
  }
}